{
  "data_info": {
    "train_samples": 1264,
    "test_samples": 224,
    "n_features": 626,
    "class_balance_train": 0.5118670886075949
  },
  "model_performance": {
    "random_forest": {
      "performance": {
        "accuracy": 0.75,
        "precision": 0.7413793103448276,
        "recall": 0.7678571428571429,
        "f1": 0.7543859649122807,
        "roc_auc": 0.8317920918367347
      },
      "n_features": 50,
      "feature_method": "importance_rfe",
      "best_params": {
        "n_estimators": 100,
        "max_depth": 10,
        "min_samples_split": 2,
        "min_samples_leaf": 2,
        "max_features": "sqrt"
      }
    },
    "xgboost": {
      "performance": {
        "accuracy": 0.7544642857142857,
        "precision": 0.7435897435897436,
        "recall": 0.7767857142857143,
        "f1": 0.759825327510917,
        "roc_auc": 0.8220663265306123
      },
      "n_features": 60,
      "feature_method": "importance_permutation",
      "best_params": {
        "n_estimators": 100,
        "max_depth": 3,
        "learning_rate": 0.01,
        "subsample": 0.8,
        "colsample_bytree": 0.8
      }
    },
    "svm": {
      "performance": {
        "accuracy": 0.7455357142857143,
        "precision": 0.7477477477477478,
        "recall": 0.7410714285714286,
        "f1": 0.7443946188340808,
        "roc_auc": 0.8415975765306122
      },
      "n_features": 40,
      "feature_method": "pca_selectkbest",
      "best_params": {
        "C": 0.1,
        "kernel": "linear",
        "gamma": "scale"
      }
    },
    "neural_network": {
      "performance": {
        "accuracy": 0.625,
        "precision": 0.6944444444444444,
        "recall": 0.44642857142857145,
        "f1": 0.5434782608695652,
        "roc_auc": 0.7499202806122449
      },
      "n_features": 80,
      "feature_method": "variance_mutual_info",
      "best_params": {
        "hidden_layer_sizes": [
          50
        ],
        "alpha": 0.001,
        "learning_rate_init": 0.001,
        "activation": "relu"
      }
    },
    "knn": {
      "performance": {
        "accuracy": 0.7366071428571429,
        "precision": 0.7154471544715447,
        "recall": 0.7857142857142857,
        "f1": 0.7489361702127659,
        "roc_auc": 0.800422512755102
      },
      "n_features": 20,
      "feature_method": "distance_based",
      "best_params": {
        "n_neighbors": 5,
        "weights": "uniform",
        "metric": "euclidean"
      }
    },
    "naive_bayes": {
      "performance": {
        "accuracy": 0.7366071428571429,
        "precision": 0.7387387387387387,
        "recall": 0.7321428571428571,
        "f1": 0.7354260089686099,
        "roc_auc": 0.8356983418367346
      },
      "n_features": 30,
      "feature_method": "chi2_info_gain",
      "best_params": {
        "var_smoothing": 1e-09
      }
    },
    "decision_tree": {
      "performance": {
        "accuracy": 0.7142857142857143,
        "precision": 0.7264150943396226,
        "recall": 0.6875,
        "f1": 0.7064220183486238,
        "roc_auc": 0.7643096301020408
      },
      "n_features": 20,
      "feature_method": "entropy_based",
      "best_params": {
        "max_depth": 5,
        "min_samples_split": 5,
        "min_samples_leaf": 1,
        "criterion": "gini"
      }
    },
    "ensemble_voting": {
      "performance": {
        "accuracy": 0.7455357142857143,
        "precision": 0.7433628318584071,
        "recall": 0.75,
        "f1": 0.7466666666666667,
        "roc_auc": 0.8473373724489796
      },
      "n_features": 30,
      "feature_method": "top_features_ensemble",
      "best_params": {
        "ensemble_method": "soft_voting"
      }
    }
  }
}